id,sequence
fadg0_si1279,妗槼詨悱
fadg0_si1909,菄塭衢奕蚜
fadg0_si649,洈鍵秏卜乖簁雃鍵翭唻
fadg0_sx109,畫頓愆銢矚括戴軺
fadg0_sx19,篕撈罣黈餰羖瀝屺糒
fadg0_sx199,段蠈槼车馲妗栺見瀹郙
fadg0_sx289,虈婠篕湖炎硍干
fadg0_sx379,矛侒颳瀴遇濩
faks0_si1573,豐畈塭栺僄饒塭寋卜餕錫
faks0_si2203,粥殀篕鼷灞硍躨菼
faks0_si943,訟篕瀔棌毨瘁篕撈妗悱欸
faks0_sx133,牳赳丁鍵憢遇
faks0_sx223,篕債慷邴崱蛾虇
faks0_sx313,仝鮈樁裚剜篕瘁滵
faks0_sx403,矚診翭渣馲栺堷咮殀
faks0_sx43,鋠嗶仝芄
fcal1_si1403,娭箊怪澫塭蹸萇媺肉
fcal1_si2033,鳩殶諆冽韋襡埬鼷
fcal1_si773,鞃瀝繄澦柴瑏
fcal1_sx143,謹剴牷趿舸剴篕撈
fcal1_sx233,榴塭槨虺
fcal1_sx323,卜訟塭圉鍵霰僄樅
fcal1_sx413,揤乖氳法鋕敵
fcal1_sx53,略篕齾債秪躇柑
fcmh0_si1454,舵債翰跍褟琳痲寋餰瓴暐篕馮篕瀝逖
fcmh0_si2084,篕倇塭镼塭
fcmh0_si824,鼉瓅檴机塭鮈樊壈閶卜
fcmh0_sx104,藅傑篕矧篕除
fcmh0_sx14,趿鱼寋賏書篕
fcmh0_sx194,镼塭削鷦鮈怮
fcmh0_sx284,鄈鶐樁索塭歲篕鼷卜圮
fcmh0_sx374,洖糒愎瘁攠
fdac1_si1474,膛舸剴非汃葹嵢張
fdac1_si2104,仝鮈藅鋮埬嘟硍剴瀝鮈
fdac1_si844,瑂務体翰篕蚜塭鑾寋鳳剴潸瀝張秪塭
fdac1_sx124,鮈鞈棌趿諔
fdac1_sx214,裚洶債鮈遇鋮蘌塭洘
fdac1_sx304,汰琳鱸寋丐邏鮈遇
fdac1_sx34,狳畈籃尚
fdac1_sx394,醅塭張薡堷倇遇
fdhc0_si1559,炩廜嶝棌嬣毌螐肉
fdhc0_si2189,鉠斢梜揈滂
fdhc0_si929,棄兢餰塭氳釋贅
fdhc0_sx119,欨撈寋啖伺螐氳翰瀹
fdhc0_sx209,葹离翰霓瀝篕橘鮈
fdhc0_sx29,揖蒹翣悱斢
fdhc0_sx299,畫丁濼寋氳篕鮈丐鯉篕梜
fdhc0_sx389,镼棸碴淓堷翭篕倇吊
fdms0_si1218,爰爨揲裎鮈藅塭賣
fdms0_si1502,債寋寋埬矛鏚韋倇澫羖揌
fdms0_si1848,輥塭鮈畫羖鮈劍債嗶
fdms0_sx138,票嵥債婰堷卜訟宸
fdms0_sx228,躬篕塭
fdms0_sx318,哱花篕悱篕丁謬
fdms0_sx408,鮈澒彭篕鐘篕愆卜
fdms0_sx48,猗虈崔矚毀澫鏙
fdrw0_si1283,跽塭廔跽鄻蜅篕毨鋠趠
fdrw0_si1423,聑鮈藅轓篕饡篕
fdrw0_si653,膀鼷寋粥鮈梜瀝塭瀝
fdrw0_sx113,爨呻非寋卜縹
fdrw0_sx203,酐剴草幍
fdrw0_sx23,滂夙馮嗐塭机滽
fdrw0_sx293,墨寋栖鼲錴宸礧
fdrw0_sx383,鉶錴誽遇剴篕賴
fedw0_si1084,镼棌裚棌馲旎珞篕鼷張仝
fedw0_si1653,藅潶咮鉠塭螿
fedw0_si1714,縺咮夗鷦鬑篕墨塭
fedw0_sx184,镼礧瀝箊嵋韽
fedw0_sx274,墜爨土駷偡鶷爨
fedw0_sx364,琺絯螿鱋篕殶楥鋮篟誸剴篕藅桐賴
fedw0_sx4,笅袢丐羖磴
fedw0_sx94,鬑逖頓恂從戟
felc0_si1386,塭韋鬘畫芽訧峚塭趒惌堷塭塭
felc0_si2016,嚧栺吙焚裚餂暐佩
felc0_si756,悱債逖稽翰塭罛踚瀍樁篕
felc0_sx126,驗銎袟殀鍵冥
felc0_sx216,爨翰崱栺篕罨翭
felc0_sx306,篕銤塭佴暐可
felc0_sx36,栺彭欶揌爨爨愆氳債
felc0_sx396,蚜壈艄朄埁篕酃馲爨鏡
fgjd0_si1179,豚廜卜
fgjd0_si549,謹栺槼屖禘槼馲騜槼娌
fgjd0_si818,賾堷車抈不哦粥卜憰蒝堷
fgjd0_sx189,煁秪鮈价螿悱塭鮈
fgjd0_sx279,寋篕債遯篕魃篕潓垀寋踆餰
fgjd0_sx369,椪嘻裚瘨奷
fgjd0_sx9,膦餰痲晼梜餰韋
fgjd0_sx99,乖淇寋張鍣
fjem0_si1264,剴寋瀝蜅侕遇髼鍵趒
fjem0_si1894,鮈屁塭仝揌旨篕栺
fjem0_si634,藅藅帟銅韋揄惱花舀閶塭瘙卜萇
fjem0_sx184,瀝矚葹
fjem0_sx274,墜衢鮈儦凅覈栺
fjem0_sx364,潟瘙暐仝栺塭潶鮈憿想鮈叼桐晼
fjem0_sx4,笅熿葹丁剜餰羖篕嗐
fjem0_sx94,銣篕姵鱋塭畈
fjlm0_si1043,爨氳軻塭鼷窘塭奢
fjlm0_si1673,鷦藅鮈遇篕篕吙馲
fjlm0_si2303,貘楫氚栺柍埬花
fjlm0_sx143,鼷剴鍵蟜剴篕咮
fjlm0_sx233,淓韋塭槨瘙岧罅
fjlm0_sx323,裚派圉逖荏忤斢
fjlm0_sx413,謹梜荂法犈
fjlm0_sx53,塭鼉瞳橘羖婰
fjmg0_si1181,轏鋠郲篕寋櫃趡花罣塭埬遇閶
fjmg0_si1811,飩螿豐朔千貰爨
fjmg0_si551,婰屁櫃嵢珞瀝鵀
fjmg0_sx101,羖鞷栺櫃九賏瀝瀝賴
fjmg0_sx11,藅篕樁埬
fjmg0_sx191,煁笄縡珧揗
fjmg0_sx281,玸毖惺卜珞瀝鍵鮈
fjmg0_sx371,揥狳非跍腩鍵匒欀
fjsj0_si1484,佺瀝栺遇紻輍狠
fjsj0_si2114,毄滂釋
fjsj0_si854,塭諝奸縑跽櫃懶
fjsj0_sx134,寋梊宁槼釋丐殀櫃葹丁
fjsj0_sx224,膛粻梊
fjsj0_sx314,頄浨樁琺趿罅擇
fjsj0_sx404,橆澫槼遯剜睨
fjsj0_sx44,姭篕鳩篕趿遒丁岔
fkms0_si1490,唔篕讓遇唔嬣碭
fkms0_si2120,躬机唒藚惱薊鮈肇篕浧
fkms0_si860,廜墨頓湖咮
fkms0_sx140,虇鮈潶敥儃
fkms0_sx230,篕埬掌藅栺軻篕机瀝
fkms0_sx320,塭喨轓褟篕螐傱塭愆
fkms0_sx410,釋鍵倖珞梜笅花
fkms0_sx50,畈虇豆忤雹膇
fmah0_si1289,篕旂遯
fmah0_si1919,冥磠欨棌霉綯塭
fmah0_si659,藅殀蛙寋篕娭挩啖欨塭寋藅儃塭
fmah0_sx119,塭矻揌鵯卜塭翔
fmah0_sx209,轔篕鞃迼格憿九遇
fmah0_sx29,觴澫迦卜悱寋
fmah0_sx299,鑾瘙濼寋篕晼虇花槼淓
fmah0_sx389,熨鳩堷格翭卜潶鮈
fmgd0_si1564,豐塭寋剴剜毄睠剴寋剴餰橘塭瞳
fmgd0_si2194,藅毨埒仝削閶削讓駘塭嬣千
fmgd0_si934,篕鶐鑾翰橘揥爸
fmgd0_sx124,鞈棌樁趿卜
fmgd0_sx214,裚遇塭噾鋮彭堷塭欸
fmgd0_sx304,膞塭煘篕邏鮈
fmgd0_sx34,幯鋠逖籃寋
fmgd0_sx394,咺嫉賾塭倇煁
fmld0_si2185,畫棄潸踆槴塭爁晰
fmld0_si822,藀岰扴做綯瀱樁訟遯鼷
fmld0_si925,篕藅寋塭篕剼寋奢樁儃
fmld0_sx115,塭篕廎爨瀝浬
fmld0_sx205,裚猺訟菼殶昹泵除馲塭
fmld0_sx25,市姵棌塭
fmld0_sx295,卜暐洧鍵吪蜅
fmld0_sx385,豐耾翰篕卜餰椆
fmml0_si1040,塭寋飯塭櫃花佝鞈篕見
fmml0_si1670,跨栺匒栺瀝爨畈丁
fmml0_si2300,遠寋鋮肉浠剼
fmml0_sx140,抱楥晼妗鮈千塭篕草
fmml0_sx230,篕瀝觴篕机瀝
fmml0_sx320,塭郲褟區塭娭羖毄
fmml0_sx410,釋踍菼珞篕梜萇
fmml0_sx50,畈篕鮵晏鬑人蛾氳撈
fnlp0_si1308,壈寋晼隧篕橘鞃遇閶斢鏙婠
fnlp0_si1938,埬吙鴈債鮈鯕橿
fnlp0_si678,篕釋塭欬
fnlp0_sx138,閛爨嵥債婰塭吜訟
fnlp0_sx228,跖嘻勦堷
fnlp0_sx318,哱花烠寋篕枋謬
fnlp0_sx408,賴藀黈螿鮈鐘丁肘
fnlp0_sx48,藀瀫塭痙釋
fnmr0_si1399,謹爨鮈丁琖腮姭燈悱嘻栺閽篕非
fnmr0_si2029,跾馲賏壈豐
fnmr0_si769,黈街矧憿鬞遇軒篕
fnmr0_sx139,篕翰栺蹻髜瑔棄韋花貘
fnmr0_sx229,鮈粺歍埬臦
fnmr0_sx319,篕海咮賏翰卜樅鞷
fnmr0_sx409,羖棌秏嘯戟鍵楥爨
fnmr0_sx49,悱咮鮈埒仝镼斢膀
fpas0_si1272,慷逖寋妗
fpas0_si2204,訟鞷鏖瓝卜齋焚篕傱揌
fpas0_si944,壣寋朄盉誸
fpas0_sx134,郾琺槼釋臦寋漶葹礧
fpas0_sx224,篕寋槼槼
fpas0_sx314,晼熿慷塭棸鍵熲槼
fpas0_sx404,橆槼澫门塭瘑瘁
fpas0_sx44,餂翭瘙埒菿
fpkt0_si1538,餿梊羖剜張花釋債
fpkt0_si2168,镼壖爨覂
fpkt0_si908,梜塘篕梜翱虈遇
fpkt0_sx188,剆癬鮈吽坋在
fpkt0_sx278,卜豐鶷珞蛾遯篕蚪儃烼
fpkt0_sx368,闞脖丁萇蠢趿暐蠨癪
fpkt0_sx8,鮈娭褻嘻膀鮈灡
fpkt0_sx98,船樞宸瑙
frew0_si1030,格跍睨
frew0_si1280,爨泠鍵篕旳鮈瀝柴瀝鍵嵢
frew0_si1910,藅瘨塭婠丐螄篕丁
frew0_sx110,裚腩篕鞨篕珖鍵犮
frew0_sx20,蚪餕薄嘻
frew0_sx200,仝劂仝裚齘
frew0_sx290,鼷鍵鯧鋠悱卜雃鮈
frew0_sx380,鮈洶鍵羳
fsem0_si1198,豐嚴樅
fsem0_si1828,鮈鼷肜唎栺棄翰塭僄藅鍵鬑
fsem0_si568,栺殷姭遇篕賅僄鮈蚪
fsem0_sx118,葹忤崔塭堷釭瀝
fsem0_sx208,虇漶船檷烷
fsem0_sx28,镼篿鍵舡遇馲濻
fsem0_sx298,鮈裚篟颳凅夙堷嘻樁
fsem0_sx388,矚揥抱張篕他裚搉膢侑
majc0_si1946,裚篕欸瀝斢讓葹踆瘙墐
majc0_si2095,葹僕塭跽蜅蒹瀹
majc0_si835,驟鼷債螝篕蘀蟧歖凅
majc0_sx115,花斢揌虇篕髜瀝浬
majc0_sx205,債篕橘暱干樁昹泵除煚臦萲
majc0_sx25,棸債撈翰塭
majc0_sx295,卜狆暐熿瀝鐘袢鍵礧乖
majc0_sx385,豐債芫鎕卜羖
mbdg0_si1463,庵剴篕餰襑机殀塭鮈
mbdg0_si2093,唒紁豐棸花裚墓爨瀙塭塭寋
mbdg0_si833,髜訟歖塭
mbdg0_sx113,篕榨閶帟卜鶌
mbdg0_sx203,鯷梜氳草貘
mbdg0_sx23,裚遯馮嚃柼爨
mbdg0_sx293,墨鼷戟篟仝裚錴鍵礧
mbdg0_sx383,裚羳錴誽樁樁功
mbns0_si1220,镼黈舡洶澒廜塭劼
mbns0_si1850,葫匡蜅痲崱
mbns0_si590,碭吙篕柍篕裚栺恂灑寋馲淆虇乜
mbns0_sx140,遇爨樁敥鼷負
mbns0_sx230,鵓掌觴荀瀝机瀝
mbns0_sx320,塭堷褟趿螐羖桽
mbns0_sx410,慞机踍債珞梜镼熿
mbns0_sx50,仝鱸羖壖篕縹鏙勦氳餰
mbpm0_si1577,哩机鮈干窶
mbpm0_si1584,鋐仝斢浠潶圛龘蘋他
mbpm0_si947,佴土氳花机遇
mbpm0_sx137,怮庋鳼屁瀹梊
mbpm0_sx227,銎赩篕
mbpm0_sx317,屁邴逖訟塭斢
mbpm0_sx407,撮芵鑾涫篕漶
mbpm0_sx47,舼鬞釋篕机
mbwm0_si1304,寋篕儃颳篕殶船
mbwm0_si1934,韋篕咮
mbwm0_si674,鼷苭昹遒牳訟塭蒟趿瘣
mbwm0_sx134,郾塭剴餰嵾臦爨塭堇
mbwm0_sx224,憋紉槼槼
mbwm0_sx314,嗶浨樁贖碴丁鍵熲鍵
mbwm0_sx404,橆槼椪鋠堷踘
mbwm0_sx44,帟翭塭塭塭磼樁
mcmj0_si1094,奷羖樊存机丁栺禘
mcmj0_si464,稊虇緄卜揊塭瘣塭寋塭机肄邧
mcmj0_si602,凅吜張棸价纊船張塭熿
mcmj0_sx104,豐掗樅斢馲
mcmj0_sx14,欥寋賏郅勸
mcmj0_sx194,褟樁槼鮈紉塭
mcmj0_sx284,鍵痲樁花歲駇梊圮
mcmj0_sx374,泖褟仝鍵翰惱
mcsh0_si1549,愷馲斢幯篕
mcsh0_si2179,葹藀他
mcsh0_si919,跍沓唔洶廧覈醀虈宁韋塭
mcsh0_sx109,畫鞃塭湤矚矻戴頓
mcsh0_sx19,篕篕罣嘻媌羖羭掮
mcsh0_sx199,段菄槼花栺見噥寋遯
mcsh0_sx289,閘篕埬鯧柙鷦羰
mcsh0_sx379,澫賏寋颳瀴篕
mdab0_si1039,豐他躘藅硍鏚爨釋
mdab0_si1669,除鋮塭聑虈篕睨肉
mdab0_si2299,婰蘣鋮銅鮈机麈囁
mdab0_sx139,裚山篕撈篕唎喨梜貘
mdab0_sx229,韋諔栺脩
mdab0_sx319,鬘侅梜釭
mdab0_sx409,菿殉沙儅毄撈
mdab0_sx49,咑爨栺篕膀
mdlf0_si1583,鍵噉篕寋斢讓姽塭
mdlf0_si2213,婰篕區踆末
mdlf0_si953,襡蜅遯鍵暱岍黈塭友
mdlf0_sx143,謹馲牷炩舸伺
mdlf0_sx233,榴虺笅畇
mdlf0_sx323,裚訟屁塭圉鍵熿颳忤樅
mdlf0_sx413,揤荂樁犈
mdlf0_sx53,鬢婰狆秪羖婰
mdls0_si1628,寋葹抱襭塭笄塭篕樁韋
mdls0_si2258,痲塭篕嵋
mdls0_si998,颳遇
mdls0_sx188,癬蘣篕蠨柦篕在
mdls0_sx278,卜虈誹襆戟篕蚪噯篕
mdls0_sx368,娭脖丁埬倇暐蠨塭
mdls0_sx8,鮈朻銴膀鮈斢
mdls0_sx98,揌髜塭篕逖
mdvc0_si2174,棰氳藅奰
mdvc0_si2196,旳縼虇礧寋羖塭賏寋鮈篕篕堷趿丁緄
mdvc0_si936,牛瀝篕倇棌嫉熿
mdvc0_sx126,薹渦寋鍵冥
mdvc0_sx216,謹篕裚迎篕嵒
mdvc0_sx306,篕眴篕佴趿鱋琺瀝
mdvc0_sx36,翰裚翰儃橩棲篕務轏債
mdvc0_sx396,蚜埒篕柴萴遇篕睏馲謹鏡
mers0_si1019,圉鴭從戟餰鍵蜅栺舼
mers0_si1649,洈痲撱栺
mers0_si497,鼷埬寋剒裚躍爨篕埬蠈塭剴嶜
mers0_sx119,裚欨栺讓伺篕怪翔
mers0_sx209,轔踛裚奩瀝篕干
mers0_sx29,篕橘翣揊篕栺
mers0_sx299,嘟笅寋轏債鮈趴淓
mers0_sx389,镼篟淓堷格翭戟吊
mgjf0_si1901,篕箯螿黦花塭劍張
mgjf0_si641,仩埬潶鍵婬顳悝篕磈蜅襭眳
mgjf0_si776,愆虇軉蜅蟊
mgjf0_sx101,羖槼賈誒蟊諍鍵窊張
mgjf0_sx11,藅蚪价糖
mgjf0_sx191,憿栥惷揗
mgjf0_sx281,屁媿惺憿珞晼鍵价
mgjf0_sx371,鮈菼閶腩樅鍵寋逖鞈
mglb0_si1534,寋翼斢釋娭嘰塭裚矚斢鮈瀁
mglb0_si2164,羉惱躘剴
mglb0_si904,躬憋塭襫寋秪踐暐悱葫篕
mglb0_sx184,礧瀝瀝梜逖葹
mglb0_sx274,墜爨篕仨襭淇
mglb0_sx364,珞潟礧螄殶瀙鋮憿篕橘屜馲藅喨嵬
mglb0_sx4,袟棌遠丁篕診羖磴
mglb0_sx94,斢寋撈恂從遯戟
mgrt0_si1450,礧哉塭馲礧豐硍芵塭貴塭
mgrt0_si2080,藅僄閷詛票
mgrt0_si820,剜櫃舡熬棌虌袟翰姭債抁鍕爨
mgrt0_sx10,篕篕橘治娭裚剴殀
mgrt0_sx100,篕琺滒塭爨鍵硍壈
mgrt0_sx190,囮娭篕壣篕債
mgrt0_sx280,張爨土斢鮈
mgrt0_sx370,裚翰寋瀝斢焚屁翰珞
mgwt0_si1539,懶斢花姭釭
mgwt0_si2169,爨寋珞价塭鮈詘懵譑矚債
mgwt0_si909,閬菬搉奸硍像鐋遇鮈矚澦塭
mgwt0_sx189,婢珗冥花鮈
mgwt0_sx279,湖篕窬鱸蜅餰卜潕垀寋翰餰
mgwt0_sx369,澫焊裚瘨斢炩
mgwt0_sx9,餰褻咮餰栺韋
mgwt0_sx99,礧爨淇讓祹忤鍣
mjar0_si1988,蓀檷僦毨
mjar0_si2247,輥堷澐
mjar0_si728,楜榆塭逖篕鍵亂閶毄菼塭篕
mjar0_sx188,癬机花怑瘣揌瀝遇
mjar0_sx278,欥腲藅戟篕倇槼翰
mjar0_sx368,樁脖蹊惚土暐蠨葫
mjar0_sx8,鮈泠褻膀鮈罣
mjar0_sx98,船樞斢丁塭逖
mjdh0_si1354,螐篕竣鬌殀診鼷諔棸笄爨婰
mjdh0_si1984,塭釋餰
mjdh0_si724,殀戟丐拖櫐排
mjdh0_sx184,咺鐰葹
mjdh0_sx274,裚鉠篕裚猺鳿
mjdh0_sx364,珞嶠暐殶棸鋮憿氳溈諔鶜樁
mjdh0_sx4,乾棌槼鞷丁剜魃磴
mjdh0_sx94,儃撈遇塭從戟
mjfc0_si1033,卜篿蕎镼榃逖
mjfc0_si1663,藅鶐藅潶蟜瀁篕鷦栺
mjfc0_si2293,滂琌裚檟瀝虈槼爨眶愋
mjfc0_sx133,逖寋羖丁鍵楥篕
mjfc0_sx223,篕裚筳古鯠塭虇
mjfc0_sx313,懵鮈歍澐篕邴篕瘁翰
mjfc0_sx403,矚淆殀馲冹堷湖
mjfc0_sx43,嵁艄刺帟
mjln0_si1449,逭櫃堷橘毄撈塭机塭秏慷逖殀
mjln0_si2079,唒镼釋
mjln0_si819,镼虌熿螿塭塭猺剼剴髜塭塭非卜寋斢
mjln0_sx189,鼷郅麃螿悱葹
mjln0_sx279,鉠泵啖餰焛綈垀豐踆餰
mjln0_sx369,椪嘻裚奷
mjln0_sx9,餰餰熲餰韋
mjln0_sx99,淇寋張遇鍣
mjmp0_si1535,怴賏栺詹寋牳徻
mjmp0_si1791,踆裚非讓韽篕藅萇棕琳篕憿广
mjmp0_si905,豐餰剴棄镼伺裚梉
mjmp0_sx185,犤剜丁鼲嘻
mjmp0_sx275,頄樁橘橘覈韋
mjmp0_sx365,剴塭揊寋花熨從篕蛙
mjmp0_sx5,魌芵塭鮈織
mjmp0_sx95,軝萇姭塭癪見茂秪嬈
mjsw0_si1010,鼷鋂瀝游篕矚芵爨磠膻凸
mjsw0_si1640,楘舡翰罣
mjsw0_si2270,楹欸怪篕檟翰
mjsw0_sx110,唎篕鞨潶蹠瀝
mjsw0_sx20,畫診魑塭瑋
mjsw0_sx200,仝悱爨仝斢篕珞
mjsw0_sx290,鼷聝殉錴悱卜暱鮈
mjsw0_sx380,鮈塏洶鍵棄樅
mklt0_si1213,棸把瀝略樅
mklt0_si1843,鯧籙瘁踚鋐篕虇篕姵栺鞷篕
mklt0_si583,鼷輥噫篕噰塭毄
mklt0_sx133,妵赳榃棸
mklt0_sx223,翣泙古篕塭虇
mklt0_sx313,仝仝篕圯篕牋
mklt0_sx403,諼淆殀馲栺欨婰焙寋
mklt0_sx43,汀餰刺帟
mlll0_si1363,膀翣債芽礧婰秪虈鼉塭剆
mlll0_si1993,畫硫
mlll0_si733,蜅斢鏙塭花毄裚
mlll0_sx103,遇債塭鍵騏儃
mlll0_sx13,唎欨机從
mlll0_sx193,柫剜瀝塭撈鯧鮈
mlll0_sx283,軸訟浶樁寋芽栺餂栺
mlll0_sx373,篕樁穛寋潕硍羖蟜
mlnt0_si1574,埬潶虇篕膨梵塭霉镼鮈訟
mlnt0_si1902,裚晼蠢爨綦
mlnt0_si642,晼逖蜅棄剴熩矛
mlnt0_sx102,竀虌帟嗐邯鍵犤
mlnt0_sx12,虇塭愷
mlnt0_sx192,唔瀝萳畫
mlnt0_sx282,癖秪鍵伺恂虇癖古
mlnt0_sx372,鯕鮈嵱張剴谼梜輍釋僕
mmdb1_si1625,藅礧硍僄栺掎
mmdb1_si2255,藅欸賴釋王奩要婰卜鱸藻瑔
mmdb1_si995,卜槼絯硍逖寋裻罛鋠塭寋樁栺塭
mmdb1_sx185,詵剜丁羳瑋
mmdb1_sx275,硍靨橘鶌蕥
mmdb1_sx365,恂畈寋笚瓝灡莏鍵蛙
mmdb1_sx5,魌塭塭篕
mmdb1_sx95,遇寋塭佧嬈
mmdm2_si1452,造翰縱禠篕戟塭韋殀爨
mmdm2_si1555,爨擰趀
mmdm2_si2082,矚鄞倖
mmdm2_sx102,琌米虌澒痲爨寋婰羖
mmdm2_sx12,診塭餰蠨
mmdm2_sx192,煁逖栺篕縼鼷
mmdm2_sx282,癖鍵鍵殢暐詔癖鵓
mmdm2_sx372,犆壖柦翰暐爨
mmjr0_si1648,吙篕鋠栺樁栺干憿詵馲篕鞃篕爨谼肄
mmjr0_si2166,遯樁潶穢
mmjr0_si2278,啖張塭鮈在夙拱
mmjr0_sx118,馲鮈瀝花鎵軒
mmjr0_sx208,虇谼裚塣谿裚狠
mmjr0_sx28,除鎢樁鍵瀙馲
mmjr0_sx298,鮈縤豨颳鯧唒嘻虇梊
mmjr0_sx388,矚剴張他裚樁搉侑
mmwh0_si1089,訟唔塭嬣剴
mmwh0_si1301,灡畟歍僄舵梜廎塭屺沬
mmwh0_si459,藅欥訟厚篕裚僄爨篕釋鍵逖氳菶
mmwh0_sx189,紉爸鮈郅瘁螿悱葹
mmwh0_sx279,寋鯠啖篕餰彭筦訟垀寋踆憿
mmwh0_sx369,椪栺鍵甡格樁
mmwh0_sx9,蛪痲梜餰
mmwh0_sx99,怳鋮讓鸑遇膛赳
mnjm0_si1580,瀝堹鍜遇剴芵鱠
mnjm0_si2210,栺跍終氪奢
mnjm0_si950,潶餼鬑晼娭欸媒乖爨篕裚諍塭鮈襑
mnjm0_sx140,鮈鋂虇樁遇翰鼷嘟
mnjm0_sx230,篕娭掌撅鮈義釋瀝爨
mnjm0_sx320,塭欸犩閶爨傱謹怪
mnjm0_sx410,慞釋篕腸珞韋镼攻
mnjm0_sx50,畈爨翪韔篕人債氳樁
mpam0_si1189,栺粻鹺塭寋塭
mpam0_si1819,藅篕寋鮈滀憿舡婑晼
mpam0_si1961,爨悱豵雖埁塭卜篕裚濂斢篕篕撅鞷
mpam0_sx109,頓愆鳼剴命爨軺
mpam0_sx19,斢塭欸篕餰羖仝趿掮
mpam0_sx199,斢蠈槼樁栺見羖嵢趒寋
mpam0_sx289,墓訟湖柙硍撈
mpam0_sx379,乿差序爨栺毄
mpdf0_si1542,卜餰礧堷儃濈
mpdf0_si2172,賱蠰驔氳狳詈
mpdf0_si912,痲棌癜肉鏙餰債瘁
mpdf0_sx102,琌米虌舸嗐邯斢羖
mpdf0_sx12,榃虇塭篕秪朻蠨
mpdf0_sx192,煁逖諔綈
mpdf0_sx282,悱鍵鍵恂詔蜅芫
mpdf0_sx372,犆壖柦棸伺榨
mrcs0_si1223,粥体千劍
mrcs0_si1853,謹綯揌塭悱塭晾廎塭宁鷦揥
mrcs0_si593,潞陾寋矧僄凍
mrcs0_sx143,鼷狳牷蟜舸烳
mrcs0_sx233,榴芵槨虺薊
mrcs0_sx323,裚濤圉鍵霰塭遇絯
mrcs0_sx413,丁揤丁法犈敵
mrcs0_sx53,鬢比篕瞳愆堷
mreb0_si1375,仝塭鬑塭狅塭兢饞篕嘻挨樁栺澐
mreb0_si2005,藅嬂塭咮禘栺纆琺栺矚塭鬑
mreb0_si745,銴栺診梵儃屇瀝
mreb0_sx115,賏斢澫揌虇嬣瀝篕娭栺
mreb0_sx205,訃暱干樁昹儡煚塭
mreb0_sx25,栺礧姵棌蛾
mreb0_sx295,餿暐匡惱鍵礧悱
mreb0_sx385,耾干卜診鼰
mrjm4_si1489,殶僦棸爨賏
mrjm4_si2119,塭愆訧貕姭塭嵥
mrjm4_si859,樅悱乿帾命澫栺仝篕裚醊駔菬
mrjm4_sx139,裚賾撈篕圴墨呲澰凅
mrjm4_sx229,樁歟歍娭
mrjm4_sx319,滵玭賏裚鞷矚
mrjm4_sx409,瘣葹丁戟殀鵽鶌爨
mrjm4_sx49,伺鮈埒仝膀
mrjr0_si1182,篕爨廛卜栺廜因
mrjr0_si1812,寋跾蟢瘁餿塭芽
mrjr0_si2313,塭榗藅冹遇塭銖抱溈塭鬢干瀝
mrjr0_sx102,琌虌舸嗐圮鍵羖
mrjr0_sx12,榃虇塭
mrjr0_sx192,煁唔樁篕縼硍
mrjr0_sx282,癖秪鍵薚鱋塭詔簻芫
mrjr0_sx372,裚犆狃塭栺輍塶誁
mroa0_si1307,寋寋媒寋婠棌栺塭
mroa0_si1970,楥索屺翰塭礧屜寋篕債
mroa0_si677,抈鱸踆債餰
mroa0_sx137,紉螶遇舵梊
mroa0_sx227,爨債蒪餿栺
mroa0_sx317,格賈逖想斢
mroa0_sx407,撮堷橇卜紸晼花
mroa0_sx47,舼般宒釋篕
mrtk0_si1093,篕滒爨界鏚岌樁蘣
mrtk0_si1723,塭鮈蜥塭剴鍵踆餰
mrtk0_si1750,襑格肉非遇鼷鮈鮈銖擇
mrtk0_sx103,遇賏債爨鍵搉嫆愆
mrtk0_sx13,磻粥鞷寋膛從
mrtk0_sx193,樅鮈虇栺丁趒鮈
mrtk0_sx283,軸槼賈塭寋鍵棸埱鍵
mrtk0_sx373,鞷甿寋潕草蟜
mrws1_si1130,熼搹卜芵鴈唒餕爨
mrws1_si1496,輍剜瀙讓寋栺薄
mrws1_si500,熿仝花篕棌欸塭扙臣
mrws1_sx140,栺虇髜槼犦鍵趿詵
mrws1_sx230,鵓掌觴粥机瀝
mrws1_sx320,塭堷樁褟螐傱塭桽
mrws1_sx410,慞釋踍翭珞梜爣樁霓
mrws1_sx50,煁鱸羖鬻篕腸篕裚晼
mtaa0_si1285,新瘙瀝趿逖
mtaa0_si1915,讓畫篕淓蜅塭伺屁爨籃鍵煚爨
mtaa0_si596,遇寊暐翰鮈
mtaa0_sx115,寸妗鉶爨瀝飾翰
mtaa0_sx205,訃訟功莒拱嘻蛾
mtaa0_sx25,冹頓栺
mtaa0_sx295,卜暐熿翰鐘塭鍵瘙泵
mtaa0_sx385,廔芫儆卜餰翭
mtas1_si1473,棸芵篕羭
mtas1_si2098,藅煚貘樁撮塭篕猺矚掇
mtas1_si838,藅浠岍膨虇詵滒
mtas1_sx118,剜瀝塭塭篕鎵
mtas1_sx208,虇駷袚反謹狠
mtas1_sx28,葋鎢樁鍵舡滒馲船
mtas1_sx298,鮈裚篕剜鯧礧嘻樁
mtas1_sx388,矚鮈塭張舡惱繶膢侑
mtdt0_si1994,毨遯趿濦讓刊礧塭繶非瘣鷃篕洶
mtdt0_si2254,咮藅柵篕窴
mtdt0_si994,矚誁灚栺暱儃梜葽
mtdt0_sx184,礧机矚葹嚲
mtdt0_sx274,墜命鉠篕山篕姵覈潶鮈
mtdt0_sx364,嶠螄殶栺鋮憿篕棸馲叼桐樁
mtdt0_sx4,乾棌熿怳剜褻蚙
mtdt0_sx94,栺撈鱋塭從戟
mteb0_si1133,羖梊莝袢鍕
mteb0_si2064,藅寋郋卜罣栺非悱寋篕芵氳栺篕鍵芵罅澒
mteb0_si503,秪紨駎亞
mteb0_sx143,鼷牷舸剴篕撈
mteb0_sx233,嗐韋塭韋虺笅
mteb0_sx323,裚訟綯賏斢荏鮈覕
mteb0_sx413,罿梜荂法鋕
mteb0_sx53,鬢篕比齾遏羖婰
mthc0_si1015,鏚芵谼貘樁虈稂馲仝亂凍
mthc0_si1645,棄蓁寋斢讓蠨洰
mthc0_si2275,瀝嘻蚜芵侳
mthc0_sx115,花族瀝爨瀝篕翰
mthc0_sx205,債慷訟菼樁莒泵嘻寸蟭
mthc0_sx25,冹娭撈債塭
mthc0_sx295,卜楥暐貘壣橘鍵惀泵
mthc0_sx385,菄榿卜篕餰翭塭
mtls0_si1370,棌鑾豐虇斢篕鮈餖戟遯戟
mtls0_si2000,輥鱸卜藅澫澐
mtls0_si740,幯憿斕沙鋂篕
mtls0_sx110,裚帟圾斢蒟潶腩鶯
mtls0_sx20,畫命樁詺篕踆鍵虇
mtls0_sx200,羖塘亂薚槼氳孫
mtls0_sx290,鼷見舸跽卜訟馲笛
mtls0_sx380,鮈爸罅鍵棄羳泙
mwbt0_si1553,鯉嘻仨猺棌鬑伺剜鼉儆篕篕屁潕栺
mwbt0_si2183,圯篕栺爨
mwbt0_si923,花罅逖鼷杌讓塭惱篕軒
mwbt0_sx113,笅爨債篕襫洶寋卜花
mwbt0_sx203,鯷螿塭裚氳螿篕凅樁
mwbt0_sx23,撈侖塭膛僄篕咮爨
mwbt0_sx293,遯鼷栖劂錴寋宸
mwbt0_sx383,鼲結賏樁斢梵虇夗
mwew0_si1361,篕塭噉熲羖燎
mwew0_si1991,姵鄻篕棸堷維塭襑檀斢瀝
mwew0_si731,篕帾胻媋鈂
mwew0_sx101,愆槼債櫃虈髜瀝篕張
mwew0_sx11,藅娭駰埬
mwew0_sx191,櫛瀝惷塭屇爨
mwew0_sx281,玸塭媿惺篕齘瀝鍵价
mwew0_sx371,朄碙餂鍵匒肴
mwjg0_si1124,罄礧熿柴豐塭湖寋嵬葹
mwjg0_si1754,藅軂壣篕萇
mwjg0_si494,憟債舡葅熨
mwjg0_sx134,豝塭乾餰篕嵾榨鉀堇
mwjg0_sx224,翭遯槼槼
mwjg0_sx314,嗶贖命媒篕
mwjg0_sx404,樁濂鏚塭廎遄睨
mwjg0_sx44,篕瀝羖塭鏙瘁
